N,Xi,V(xi),V2(x2i),|||V(xi) - V2(x2i)|||
0,0.0,1.0,1.0,0.0
5,0.001,0.724014779271698,0.6925956060244562,0.03141917324724175
10,0.0020000000000000005,0.6710188239254323,0.6431003671711547,0.02791845675427762
15,0.003000000000000001,0.640176746048709,0.6143270533376106,0.025849692711098382
20,0.004000000000000001,0.6184180860905872,0.5940357911432845,0.024382294947302707
25,0.004999999999999999,0.6016357465209063,0.5783892788252486,0.023246467695657747
30,0.0059999999999999975,0.5879993645371786,0.5656785336266509,0.022320830910527723
35,0.006999999999999996,0.5765325367806292,0.5549921736877472,0.021540363092881987
40,0.007999999999999995,0.5666525226101826,0.5457863522195726,0.020866170390610006
45,0.008999999999999998,0.557983528257642,0.5377103911835122,0.02027313707412981
50,0.01,0.5502690341704237,0.530524930424026,0.01974410374639768
55,0.011000000000000003,0.5433261297662652,0.5240593023135618,0.01926682745270336
60,0.012000000000000005,0.5370198028763096,0.5181875355843618,0.018832267291947757
65,0.013000000000000008,0.5312475568793191,0.5128139994100999,0.018433557469219264
70,0.01400000000000001,0.5259297458063874,0.5078643842915178,0.018065361514869593
75,0.015000000000000013,0.5210032526868887,0.5032798030753628,0.017723449611525943
80,0.016000000000000014,0.516417212846348,0.49901280034353906,0.01740441250280894
85,0.017000000000000008,0.5121300364401451,0.49502457420601836,0.017105462234126734
90,0.018000000000000002,0.5081072836468371,0.49128299373779644,0.01682428990904067
95,0.018999999999999996,0.504320115351495,0.4877611534078294,0.01655896194366563
100,0.01999999999999999,0.5007441418756365,0.4844362989176166,0.016307842958019958
105,0.020999999999999984,0.4973585530279651,0.48128901552940717,0.01606953749855794
110,0.021999999999999978,0.49414545082708644,0.47830260549651,0.01584284533057645
115,0.022999999999999972,0.491089330759479,0.4754626040816948,0.015626726677784253
120,0.023999999999999966,0.48817667358859324,0.47275639872195424,0.015420274866638994
125,0.02499999999999996,0.4853956206004435,0.4701729260403076,0.015222694560135919
130,0.025999999999999954,0.4827357126251999,0.46770242836064146,0.01503328426455841
135,0.026999999999999948,0.48018767837484405,0.4653362562340808,0.014851422140763237
140,0.02799999999999994,0.4777432613225472,0.4630667069242436,0.014676554398303565
145,0.028999999999999936,0.4753950769991159,0.4608868912710082,0.014508185728107692
150,0.02999999999999993,0.4731364945120909,0.4587906231533884,0.014345871358702467
155,0.030999999999999923,0.4709615375164296,0.45677232710014887,0.01418921041628074
160,0.03199999999999992,0.46886480092714955,0.4548269605871341,0.014037840340015428
165,0.03299999999999991,0.46684138046420925,0.4529499483065589,0.013891432157650374
170,0.033999999999999905,0.46488681272854737,0.4511371262614485,0.013749686467098898
175,0.0349999999999999,0.462997023975602,0.44938469397440434,0.013612330001197659
180,0.03599999999999989,0.4611682861145736,0.4476891734376671,0.01347911267690649
185,0.03699999999999989,0.4593971787442289,0.44604737369495195,0.013349805049276964
190,0.03799999999999988,0.45768055625827264,0.44445636015292694,0.013224196105345698
195,0.038999999999999875,0.45601551922928596,0.44291342788434657,0.013102091344939393
200,0.03999999999999987,0.4543993894205618,0.441416078315809,0.012983311104752815
205,0.04099999999999986,0.4528296878877291,0.43996199879810766,0.012867689089621437
210,0.04199999999999986,0.4513041157229225,0.4385490446419096,0.012755071081012925
215,0.04299999999999985,0.44982053706798714,0.4371752232703007,0.012645313797686464
220,0.043999999999999845,0.44837696408336714,0.4358386801958657,0.012538283887501445
225,0.04499999999999984,0.446971543608675,0.4345376865759849,0.012433857032690121
230,0.04599999999999983,0.4456025452915888,0.4332706281379902,0.012331917153598604
235,0.04699999999999983,0.44426835099538164,0.4320359952971897,0.012232355698191921
240,0.04799999999999982,0.44296744532337107,0.43083237431691424,0.012135071006456832
245,0.048999999999999815,0.44169840712194214,0.4296584393814874,0.012039967740454738
250,0.04999999999999981,0.44045990184337686,0.42851294547134366,0.01194695637203319
255,0.0509999999999998,0.439250674666199,0.42739472194486267,0.011855952721336327
260,0.051999999999999796,0.4380695442846745,0.42630266674445094,0.011766877540223541
265,0.05299999999999979,0.4369153972908858,0.4252357411554745,0.011679656135411276
270,0.053999999999999784,0.4357871830828373,0.4241929650559319,0.011594218026905412
275,0.05499999999999978,0.4346839092406025,0.42317341260277336,0.01151049663782916
280,0.05599999999999977,0.43360463731984356,0.4221762083075918,0.011428429012251773
285,0.056999999999999766,0.43254847901832266,0.42120052346029624,0.011347955558026424
290,0.05799999999999976,0.43151459267642733,0.4202455728643919,0.01126901981203543
295,0.058999999999999754,0.43050218007740215,0.4193106118518611,0.011191568225541071
300,0.05999999999999975,0.4295104835170297,0.41839493354941326,0.011115549967616434
305,0.06099999999999974,0.4285387831159868,0.41749786637114367,0.011040916744843143
310,0.061999999999999736,0.42758639435117607,0.4166187717154684,0.010967622635707663
315,0.06299999999999975,0.4266526657849776,0.4157570418467118,0.01089562393826582
320,0.06399999999999978,0.42573697697368906,0.4149120979438573,0.010824879029831758
325,0.06499999999999981,0.42483873653846277,0.4140833883008915,0.010755348237571294
330,0.06599999999999984,0.4239573803838314,0.41327038666483934,0.010686993718992066
335,0.06699999999999987,0.42309237005048256,0.4124725906990488,0.010619779351433767
340,0.0679999999999999,0.42224319119033304,0.41168952056056046,0.010553670629772582
345,0.06899999999999992,0.42140935215317366,0.41092071758157905,0.010488634571594602
350,0.06999999999999995,0.42059038267523585,0.4101657430460049,0.010424639629230958
355,0.07099999999999998,0.4197858326609903,0.40942417705296447,0.010361655608025822
360,0.07200000000000001,0.4189952710503455,0.4086956174600009,0.010299653590344626
365,0.07300000000000004,0.41821828476415984,0.40797967889932923,0.010238605864830608
370,0.07400000000000007,0.4174544777216675,0.407275991861184,0.010178485860483477
375,0.0750000000000001,0.41670346992402135,0.4065842018388414,0.010119268085179933
380,0.07600000000000012,0.41596489659868213,0.40590396853041055,0.01006092806827158
385,0.07700000000000015,0.4152384073998706,0.40523496509292367,0.010003442306946941
390,0.07800000000000018,0.41452366566074683,0.40457687744468557,0.009946788216061264
395,0.07900000000000021,0.41382034769334214,0.4039294036121722,0.009890944081169917
400,0.08000000000000024,0.41312814213264504,0.4032922531181189,0.009835889014526145
405,0.08100000000000027,0.41244674932153547,0.4026651464077211,0.009781602913814358
410,0.0820000000000003,0.41177588073356003,0.4020478143101321,0.009728066423427939
415,0.08300000000000032,0.41111525843078417,0.4014399975326858,0.009675260898098392
420,0.08400000000000035,0.41046461455420535,0.40084144618549994,0.009623168368705415
425,0.08500000000000038,0.4098236908444013,0.40025191933428533,0.009571771510115956
430,0.08600000000000041,0.40919223819029765,0.39967118457938094,0.009521053610916708
435,0.08700000000000044,0.40857001620408806,0.3990990176591956,0.009470998544892473
440,0.08800000000000047,0.40795679282052405,0.39853520207637505,0.009421590744149
445,0.0890000000000005,0.4073523439189047,0.39797952874516423,0.009372815173740445
450,0.09000000000000052,0.4067564529662534,0.39743179565851106,0.009324657307742346
455,0.09100000000000055,0.4061689106802673,0.3968918075736363,0.00927710310663099
460,0.09200000000000058,0.4055895147107417,0.3963593757148246,0.009230138995917125
465,0.09300000000000061,0.4050180693382701,0.3958343174923438,0.009183751845926291
470,0.09400000000000064,0.4044543851891067,0.3953164562364334,0.009137928952673291
475,0.09500000000000067,0.40389827896516356,0.39480562094542065,0.009092658019742905
480,0.0960000000000007,0.40334957318819065,0.39430164604705964,0.009047927141131007
485,0.09700000000000072,0.40280809595725603,0.39380437117228173,0.009003724784974299
490,0.09800000000000075,0.4022736807186986,0.393313640940583,0.008960039778115603
495,0.09900000000000078,0.40174616604780206,0.3928293047563474,0.008916861291454636
500,0.10000000000000081,0.40122539544147673,0.3923512166154368,0.008874178826039913
505,0.10100000000000084,0.40071121712128915,0.39187923492143667,0.008831982199852484
510,0.10200000000000087,0.4002034838462287,0.39141322231097697,0.008790261535251753
515,0.1030000000000009,0.39970205273464166,0.3909530454876228,0.00874900724701888
520,0.10400000000000093,0.39920678509479196,0.3904985750637973,0.008708210030994645
525,0.10500000000000095,0.3987175462635629,0.39004968541030743,0.008667860853255493
530,0.10600000000000098,0.3982342054528313,0.38960625451301995,0.008627950939811335
535,0.10700000000000101,0.3977566356030752,0.3891681638362993,0.008588471766775907
540,0.10800000000000104,0.39728471324382036,0.3887352981928082,0.008549415051012144
545,0.10900000000000107,0.3968183183605389,0.38830754561934094,0.008510772741197936
550,0.1100000000000011,0.3963573342676487,0.38788479725834085,0.008472537009307834
555,0.11100000000000113,0.39590164748728107,0.3874669472448033,0.008434700242477777
560,0.11200000000000115,0.39545114763350436,0.38705389259826506,0.008397255035239304
565,0.11300000000000118,0.3950057273017156,0.3866455331196192,0.008360194182096436
570,0.11400000000000121,0.39456528196292207,0.38624177129248866,0.00832351067043341
575,0.11500000000000124,0.3941297098626545,0.3858425121889207,0.008287197673733815
580,0.11600000000000127,0.39369891192427886,0.3854476633791868,0.008251248545092071
585,0.1170000000000013,0.3932727916564698,0.3850571348454623,0.008215656811007499
590,0.11800000000000133,0.39285125506464064,0.38467083889919834,0.008180416165442295
595,0.11900000000000135,0.3924342105661221,0.38428869010199085,0.00814552046413125
600,0.12000000000000138,0.3920215689089058,0.3839106051897799,0.008110963719125952
605,0.12100000000000141,0.3916132430937745,0.3835365030002026,0.0080767400935719
610,0.12200000000000144,0.39120914829965,0.3831663044029471,0.0080428438967029
615,0.12300000000000147,0.3908092018119982,0.3827999322329595,0.008009269579038691
620,0.1240000000000015,0.39041332295414816,0.38243731122637176,0.0079760117277764
625,0.12500000000000153,0.39002143302137776,0.3820783679590182,0.007943065062359589
630,0.12600000000000156,0.3896334552176387,0.38172303078739644,0.007910424430242258
635,0.12700000000000158,0.38924931459479417,0.38137122979198435,0.007878084802809826
640,0.1280000000000016,0.3888689379942473,0.38102289672278267,0.007846041271464654
645,0.12900000000000164,0.3884922539908529,0.38067796494699546,0.007814289043857447
650,0.13000000000000167,0.3881191928390025,0.38033636939872223,0.007782823440280251
655,0.1310000000000017,0.3877496864207866,0.3799980465306088,0.007751639890177797
660,0.13200000000000173,0.38738366819613196,0.3796629342673259,0.007720733928806067
665,0.13300000000000176,0.3870210731548366,0.3793309719608164,0.0076901011940201935
670,0.13400000000000178,0.3866618377704019,0.37900210034724097,0.0076597374231609505
675,0.1350000000000018,0.38630589995559306,0.37867626150550393,0.007629638450089127
680,0.13600000000000184,0.3859531990196476,0.37835339881733826,0.007599800202309326
685,0.13700000000000187,0.385603675627054,0.37803345692885093,0.007570218698203068
690,0.1380000000000019,0.3852572717578413,0.3777163817134734,0.0075408900443679205
695,0.13900000000000193,0.3849139306693072,0.37740212023625924,0.0075118104330479385
700,0.14000000000000196,0.38457359685912257,0.37709062071946725,0.007482976139655317
705,0.14100000000000198,0.38423621602975755,0.3767818325093689,0.00745438352038863
710,0.142000000000002,0.3839017350541721,0.376475706044243,0.007426029009929058
715,0.14300000000000204,0.38357010194271157,0.37617219282349684,0.0073979091192147295
720,0.14400000000000207,0.383241265811165,0.37587124537785904,0.007370020433305979
725,0.1450000000000021,0.38291517684993354,0.3755728172406209,0.007342359609312621
730,0.14600000000000213,0.3825917862942616,0.3752768629198701,0.007314923374391491
735,0.14700000000000216,0.3822710463954943,0.3749833378716668,0.007287708523827485
740,0.14800000000000219,0.3819529103933075,0.374692198474142,0.007260711919165497
745,0.14900000000000221,0.38163733248888104,0.37440340200246774,0.007233930486413298
750,0.15000000000000224,0.3813242678189742,0.37411690660467706,0.007207361214297159
755,0.15100000000000227,0.3810136724308652,0.3738326712782793,0.0071810011525859085
760,0.1520000000000023,0.3807055032581245,0.37355065584766367,0.007154847410460852
765,0.15300000000000233,0.38039971809718365,0.37327082094223285,0.007128897154950797
770,0.15400000000000236,0.380096275584672,0.3729931279752666,0.007103147609405391
775,0.15500000000000239,0.3797951351754909,0.3727175391234693,0.0070775960520216286
780,0.15600000000000241,0.37949625712159996,0.3724440173071739,0.007052239814426042
785,0.15700000000000244,0.37919960245147977,0.37217252617118407,0.0070270762802956965
790,0.15800000000000247,0.3789051329502512,0.3719030300662265,0.007002102884024697
795,0.1590000000000025,0.37861281114042833,0.3716354940309961,0.006977317109432224
800,0.16000000000000253,0.3783226002632763,0.37136988377476454,0.0069527164885117565
805,0.16100000000000256,0.37803446426074916,0.37110616566053295,0.0069282986002162095
810,0.1620000000000026,0.37774836775799675,0.37084430668870655,0.006904061069290202
815,0.16300000000000262,0.37746427604640864,0.37058427448128106,0.00688000156512758
820,0.16400000000000264,0.37718215506718017,0.3703260372665094,0.006856117800670747
825,0.16500000000000267,0.3769019713953812,0.37006956386403683,0.006832407531344342
830,0.1660000000000027,0.3766236922245084,0.3698148236704929,0.006808868554015524
835,0.16700000000000273,0.3763472853515044,0.36956178664551737,0.0067854987059870475
840,0.16800000000000276,0.37607271916222834,0.36931042329819896,0.006762295864029377
845,0.1690000000000028,0.3757999626173563,0.3690607046739286,0.006739257943427723
850,0.17000000000000282,0.37552898523870315,0.36881260234163593,0.006716382897067219
855,0.17100000000000284,0.3752597570959461,0.3685660883814023,0.006693668714543799
860,0.17200000000000287,0.37499224879373916,0.3683211353724452,0.0066711134212939505
865,0.1730000000000029,0.3747264314592011,0.36807771638144005,0.006648715077761047
870,0.17400000000000293,0.3744622767297713,0.3678358049511885,0.0066264717785827765
875,0.17500000000000296,0.3741997567414071,0.36759537508961604,0.006604381651791058
880,0.176000000000003,0.37393884411712586,0.36735640125907876,0.0065824428580470995
885,0.17700000000000302,0.3736795119558726,0.36711885836597524,0.006560653589897381
890,0.17800000000000304,0.3734217338217019,0.3668827217506571,0.006539012071044792
895,0.17900000000000307,0.37316548373326536,0.36664796717762327,0.006517516555642089
900,0.1800000000000031,0.37291073615359255,0.3664145708259842,0.0064961653276083275
905,0.18100000000000313,0.3726574659801585,0.3661825092801952,0.006474956699963286
910,0.18200000000000316,0.3724056485352261,0.3659517595210479,0.006453889014178205
915,0.1830000000000032,0.372155259556454,0.3657222989169087,0.006432960639545293
920,0.18400000000000322,0.3719062751877616,0.36549410521519327,0.006412169972568327
925,0.18500000000000325,0.37165867197044544,0.3652671565340824,0.0063915154363630156
930,0.18600000000000327,0.37141242683453346,0.36504143135445705,0.0063709954800764135
935,0.1870000000000033,0.37116751709037493,0.3648169085120489,0.0063506085783260335
940,0.18800000000000333,0.3709239204204547,0.3645935671898078,0.006330353230646901
945,0.18900000000000336,0.37068161487142837,0.36437138691046833,0.006310227960960035
950,0.1900000000000034,0.3704405788463648,0.3641503475293142,0.0062902313170505875
955,0.19100000000000342,0.3702007910971964,0.3639304292271367,0.006270361870059693
960,0.19200000000000345,0.3699622307173682,0.3637116125033724,0.006250618213995807
965,0.19300000000000347,0.36972487713467844,0.36349387816942835,0.00623099896525009
970,0.1940000000000035,0.3694887101043037,0.3632772073421722,0.006211502762131449
975,0.19500000000000353,0.36925370970200744,0.3630615814375959,0.006192128264411512
980,0.19600000000000356,0.36901985631752093,0.36284698216464634,0.006172874152874597
985,0.1970000000000036,0.36878713064809593,0.36263339151920415,0.0061537391288917775
990,0.19800000000000362,0.3685555136922196,0.3624207917782233,0.006134721913996333
995,0.19900000000000365,0.36832498674348985,0.36220916549401644,0.006115821249473408
1000,0.20000000000000367,0.3680955313846441,0.36199849548868734,0.006097035895956782
1005,0.2010000000000037,0.367867129481741,0.3617887648486966,0.0060783646330443974
1010,0.20200000000000373,0.3676397631784843,0.36157995691957234,0.006059806258911948
1015,0.20300000000000376,0.36741341489068907,0.36137205530074495,0.0060413595899441175
1020,0.2040000000000038,0.3671880673008847,0.3611650438405126,0.00602302346037209
1025,0.20500000000000382,0.3669637033530512,0.36095890663113145,0.006004796721919725
1030,0.20600000000000385,0.36674030624748394,0.36075362800402233,0.005986678243461607
1035,0.20700000000000388,0.366517859435784,0.3605491925251009,0.005968666910683096
1040,0.2080000000000039,0.3662963466159697,0.3603455849902131,0.00595076162575664
1045,0.20900000000000393,0.36607575172770546,0.36014279042068736,0.005932961307018092
1050,0.21000000000000396,0.365856058947648,0.3599407940589915,0.005915264888656513
1055,0.211000000000004,0.36563725268490116,0.3597395813644925,0.005897671320408637
1060,0.21200000000000402,0.36541931757657975,0.35953913800932036,0.0058801795672593915
1065,0.21300000000000405,0.3652022384834789,0.35933944987432487,0.005862788609154013
1070,0.21400000000000408,0.36498600048584556,0.3591405030451331,0.005845497440712444
1075,0.2150000000000041,0.36477058887924935,0.3589422838082938,0.005828305070955553
1080,0.21600000000000413,0.3645559891705491,0.3587447786475161,0.005811210523033017
1085,0.21700000000000416,0.3643421870739526,0.3585479742399964,0.005794212833956203
1090,0.2180000000000042,0.3641291685071715,0.35835185745283016,0.005777311054341316
1095,0.21900000000000422,0.36391691958766,0.3581564153395011,0.005760504248158882
1100,0.22000000000000425,0.36370542662894284,0.35796163513645657,0.005743791492486272
1105,0.22100000000000428,0.36349467613702546,0.3577675042597587,0.00572717187726679
1110,0.2220000000000043,0.36328465480688793,0.35757401030181357,0.005710644505074358
1115,0.22300000000000433,0.36307534951905673,0.3573811410281686,0.005694208490888142
1120,0.22400000000000436,0.3628667473362545,0.35718888437439394,0.005677862961860569
1125,0.2250000000000044,0.3626588355001233,0.3569972284430237,0.005661607057099616
1130,0.22600000000000442,0.3624516014280227,0.35680616150056543,0.005645439927457252
1135,0.22700000000000445,0.3622450327098997,0.35661567197458294,0.00562936073531678
1140,0.22800000000000448,0.3620391171052259,0.35642574845083824,0.005613368654387663
1145,0.2290000000000045,0.36183384254000395,0.35623637967050165,0.005597462869502301
1150,0.23000000000000453,0.3616291971038386,0.35604755452741493,0.005581642576423684
1155,0.23100000000000456,0.3614251690470731,0.35585926206542134,0.005565906981651769
1160,0.2320000000000046,0.36122174677798574,0.35567149147575244,0.005550255302233298
1165,0.23300000000000462,0.3610189188600498,0.35548423209446933,0.005534686765580443
1170,0.23400000000000465,0.36081667400925194,0.3552974733999592,0.005519200609292729
1175,0.23500000000000468,0.3606150010914656,0.355111205010491,0.005503796080974621
1180,0.2360000000000047,0.36041388911988426,0.3549254166818149,0.0054884724380693806
1185,0.23700000000000473,0.3602133272525081,0.35474009830481645,0.005473228947691644
1190,0.23800000000000476,0.36001330478968235,0.35455523990322874,0.005458064886453617
1195,0.2390000000000048,0.3598138111716902,0.35437083163137767,0.005442979540312531
1200,0.24000000000000482,0.35961483597639365,0.35418686377199027,0.005427972204403386
1205,0.24100000000000485,0.359416368916926,0.35400332673403345,0.005413042182892569
1210,0.24200000000000488,0.3592183998394329,0.35382021105060535,0.005398188788827529
1215,0.2430000000000049,0.35902091872085984,0.35363750737688054,0.005383411343979294
1220,0.24400000000000494,0.35882391566678284,0.3534552064880798,0.005368709178703024
1225,0.24500000000000496,0.358627380909287,0.35327329927749423,0.00535408163179274
1230,0.246000000000005,0.35843130480488755,0.35309177675454306,0.005339528050344489
1235,0.24700000000000502,0.35823567783249255,0.3529106300428772,0.005325047789615345
1240,0.24800000000000505,0.35804049059141035,0.3527298503785129,0.005310640212897455
1245,0.24900000000000508,0.3578457337993921,0.3525494291080142,0.005296304691377929
1250,0.2500000000000051,0.3576513982907199,0.35236935768669914,0.005282040604020766
1255,0.251000000000005,0.35745747501432734,0.35218962767689505,0.0052678473374322965
1260,0.2520000000000049,0.35726395503196184,0.35201023074622023,0.005253724285741612
1265,0.2530000000000048,0.35707082951638336,0.3518311586659044,0.005239670850478939
1270,0.25400000000000467,0.35687808974959856,0.35165240330914543,0.005225686440453126
1275,0.25500000000000456,0.35668572712112834,0.3514739566494877,0.00521177047164062
1280,0.25600000000000445,0.3564937331263102,0.35129581075923977,0.005197922367070451
1285,0.25700000000000434,0.3563020993646372,0.35111795780792365,0.00518414155671354
1290,0.2580000000000042,0.3561108175381235,0.3509403900607499,0.005170427477373618
1295,0.2590000000000041,0.35591987944970804,0.3507630998771326,0.005156779572575432
1300,0.260000000000004,0.3557292770016853,0.350586079709223,0.005143197292462265
1305,0.2610000000000039,0.3555390021941673,0.3504093221004707,0.005129680093696576
1310,0.2620000000000038,0.3553490471235746,0.35023281968422176,0.005116227439352861
1315,0.2630000000000037,0.3551594039811598,0.35005656518233724,0.005102838798822562
1320,0.26400000000000357,0.3549700650515538,0.3498805514038387,0.005089513647715094
1325,0.26500000000000346,0.3547810227113438,0.3497047712435831,0.005076251467760695
1330,0.26600000000000334,0.35459226942767735,0.349529217680959,0.005063051746718339
1335,0.26700000000000323,0.3544037977568925,0.3493538837786048,0.00504991397828769
1340,0.2680000000000031,0.3542156003431719,0.34917876268116094,0.005036837662010962
1345,0.269000000000003,0.3540276699172271,0.34900384761403896,0.005023822303188152
1350,0.2700000000000029,0.3538399992950042,0.348829131882211,0.0050108674127932185
1355,0.2710000000000028,0.3536525813764143,0.3486546088690252,0.004997972507389092
1360,0.2720000000000027,0.3534654091440841,0.3484802720350472,0.0049851371090368635
1365,0.2730000000000026,0.35327847566213705,0.34830611491691815,0.004972360745218896
1370,0.27400000000000246,0.35309177407499087,0.34813213112622937,0.0049596429487615
1375,0.27500000000000235,0.3529052976061774,0.34795831434842917,0.0049469832577482276
1380,0.27600000000000224,0.3527190395571879,0.34778465834173766,0.004934381215450256
1385,0.27700000000000213,0.3525329933063374,0.3476111569360942,0.004921836370243238
1390,0.278000000000002,0.3523471523076477,0.34743780403211233,0.004909348275535352
1395,0.2790000000000019,0.352161510089754,0.34726459360005824,0.004896916489695757
1400,0.2800000000000018,0.3519760602548295,0.3470915196788459,0.0048845405759836424
1405,0.2810000000000017,0.3517907964775286,0.34691857637505913,0.00487222010246946
1410,0.2820000000000016,0.35160571250395,0.3467457578619811,0.004859954641968922
1415,0.2830000000000015,0.35142080215062155,0.34657305837864266,0.004847743771978885
1420,0.28400000000000136,0.35123605930349516,0.3464004722288863,0.004835587074608849
1425,0.28500000000000125,0.3510514779169671,0.3462279937804567,0.004823484136510403
1430,0.28600000000000114,0.3508670520129139,0.34605561746409275,0.0048114345488211585
1435,0.28700000000000103,0.35068277567974143,0.3458833377726509,0.004799437907090531
1440,0.2880000000000009,0.3504986430714555,0.34571114926023316,0.004787493811222343
1445,0.2890000000000008,0.3503146484067457,0.3455390465413289,0.004775601865416812
1450,0.2900000000000007,0.3501307859680862,0.3453670242899796,0.004763761678106604
1455,0.2910000000000006,0.3499470501008518,0.34519507723895454,0.004751972861897269
1460,0.2920000000000005,0.3497634352124502,0.3450232001789417,0.004740235033508455
1465,0.29300000000000037,0.34957993577146923,0.3448513879577476,0.0047285478137216175
1470,0.29400000000000026,0.34939654630683775,0.34467963547952046,0.004716910827317289
1475,0.29500000000000015,0.3492132614070017,0.3445079377039781,0.004705323703023623
1480,0.29600000000000004,0.3490300757191135,0.3443362896456516,0.004693786073461881
1485,0.29699999999999993,0.34884698394823543,0.3441646863731438,0.004682297575091643
1490,0.2979999999999998,0.3486639808565564,0.3439931230083952,0.004670857848161236
1495,0.2989999999999997,0.3484810612626241,0.343821594725974,0.004659466536650114
1500,0.2999999999999996,0.3482982200405878,0.34365009675236546,0.004648123288222339
1505,0.3009999999999995,0.34811545211945255,0.34347862436527415,0.004636827754178396
1510,0.3019999999999994,0.34793275248234895,0.3433071728929488,0.004625579589400131
1515,0.30299999999999927,0.34775011616581586,0.34313573771350825,0.00461437845230761
1520,0.30399999999999916,0.3475675382590904,0.342964314254281,0.0046032240048094475
1525,0.30499999999999905,0.34738501390341314,0.3427928979911544,0.004592115912258721
1530,0.30599999999999894,0.3472025382913454,0.34262148444794055,0.0045810538434048476
1535,0.30699999999999883,0.3470201066660947,0.34245006919574505,0.004570037470349619
1540,0.3079999999999987,0.34683771432085414,0.342278647852349,0.004559066468505124
1545,0.3089999999999986,0.34665535659814994,0.3421072160816061,0.0045481405165438415
1550,0.3099999999999985,0.3464730288892031,0.3419357695928436,0.004537259296359508
1555,0.3109999999999984,0.34629072663329885,0.3417643041402755,0.004526422493023374
1560,0.3119999999999983,0.3461084453171664,0.34159281552242104,0.004515629794745346
1565,0.31299999999999817,0.34592618047436974,0.3414212995815399,0.0045048808928298545
1570,0.31399999999999806,0.3457439276847078,0.3412497522030686,0.004494175481639218
1575,0.31499999999999795,0.3455616825736247,0.34107816931507384,0.004483513258550842
1580,0.31599999999999784,0.34537944081162836,0.34090654688770705,0.004472893923921306
1585,0.31699999999999773,0.3451971981137201,0.3407348809326747,0.00446231718104545
1590,0.3179999999999976,0.34501495023883116,0.3405631675027135,0.004451782736117682
1595,0.3189999999999975,0.34483269298927016,0.3403914026910689,0.004441290298201284
1600,0.3199999999999974,0.34465042221017594,0.3402195826309963,0.004430839579179668
1605,0.3209999999999973,0.3444681337889842,0.34004770349524915,0.004420430293735067
1610,0.3219999999999972,0.3442858236549,0.33987576149559795,0.004410062159302064
1615,0.32299999999999707,0.3441034877783764,0.33970375288233706,0.004399734896039342
1620,0.32399999999999696,0.3439211221706047,0.33953167394381134,0.00438944822679338
1625,0.32499999999999685,0.3437387228830104,0.33935952100594863,0.004379201877061756
1630,0.32599999999999674,0.3435562860067571,0.339187290431793,0.004368995574964063
1635,0.3269999999999966,0.3433738076722597,0.33901497862105423,0.004358829051205493
1640,0.3279999999999965,0.3431912840487043,0.338842582009654,0.004348702039050301
1645,0.3289999999999964,0.3430087113435736,0.338670097069289,0.004338614274284558
1650,0.3299999999999963,0.34282608580218243,0.33849752030699454,0.004328565495187897
1655,0.3309999999999962,0.34264340370721896,0.338324848264721,0.004318555442497984
1660,0.3319999999999961,0.34246066137829456,0.338152077518908,0.004308583859386539
1665,0.33299999999999597,0.3422778551714964,0.33797920468006976,0.004298650491426637
1670,0.33399999999999586,0.3420949814789508,0.3378062263923902,0.0042887550865605695
1675,0.33499999999999575,0.34191203672839215,0.3376331393333123,0.0042788973950798614
1680,0.33599999999999564,0.3417290173827375,0.3374599402131492,0.004269077169588298
1685,0.3369999999999955,0.341545919939668,0.33728662577469265,0.004259294164975336
1690,0.3379999999999954,0.34136274093121677,0.3371131927928224,0.004249548138394343
1695,0.3389999999999953,0.3411794769233636,0.33693963807413674,0.004239838849226851
1700,0.3399999999999952,0.34099612451563455,0.33676595845657525,0.004230166059059293
1705,0.3409999999999951,0.34081268034070633,0.3365921508090485,0.004220529531657857
1710,0.341999999999995,0.3406291410640215,0.33641821203107924,0.004210929032942234
1715,0.34299999999999486,0.3404455033834016,0.33624413905244543,0.004201364330956192
1720,0.34399999999999475,0.34026176402867414,0.3360699288328255,0.004191835195848648
1725,0.34499999999999464,0.3400779197612991,0.33589557836145584,0.004182341399843248
1730,0.34599999999999453,0.33989396737400307,0.33572108465678585,0.004172882717217219
1735,0.3469999999999944,0.3397099036904195,0.3355464447661429,0.004163458924276553
1740,0.3479999999999943,0.33952572556473326,0.33537165576540295,0.004154069799330307
1745,0.3489999999999942,0.33934142988132904,0.335196714758659,0.004144715122670062
1750,0.3499999999999941,0.3391570135544482,0.33502161887790555,0.00413539467654267
1755,0.350999999999994,0.3389724735278464,0.3348463652827162,0.004126108245130156
1760,0.3519999999999939,0.3387878067744607,0.3346709511599304,0.00411685561453029
1765,0.35299999999999376,0.338603010296079,0.3344953737233505,0.004107636572728501
1770,0.35399999999999365,0.33841808112301197,0.3343196302134332,0.004098450909578777
1775,0.35499999999999354,0.3382330163137743,0.3341437178969881,0.00408929841678618
1780,0.35599999999999343,0.3380478129547674,0.33396763406688795,0.0040801788878794265
1785,0.3569999999999933,0.3378624681599658,0.33379137604177705,0.004071092118188735
1790,0.3579999999999932,0.33767697907061295,0.3336149411657814,0.004062037904831561
1795,0.3589999999999931,0.3374913428549143,0.3334383268082269,0.004053016046687397
1800,0.359999999999993,0.337305556707741,0.33326153036335715,0.004044026344383833
1805,0.3609999999999929,0.33711961785033284,0.33308454925006253,0.0040350686002703084
1810,0.36199999999999277,0.3369335235300105,0.3329073809116119,0.004026142618398565
1815,0.36299999999999266,0.3367472710198861,0.3327300228153798,0.00401724820450633
1820,0.36399999999999255,0.33656085761858157,0.3325524724525811,0.004008385166000439
1825,0.36499999999999244,0.3363742806499499,0.3323747273380145,0.003999553311935411
1830,0.36599999999999233,0.336187537462801,0.3321967850098077,0.003990752452993296
1835,0.3669999999999922,0.3360006254306307,0.33201864302916106,0.00398198240146963
1840,0.3679999999999921,0.3358135419513511,0.33184029898009915,0.003973242971251956
1845,0.368999999999992,0.335626284447029,0.33166175046922336,0.003964533977805662
1850,0.3699999999999919,0.3354388503636252,0.3314829951254737,0.003955855238151507
1855,0.3709999999999918,0.3352512371707384,0.33130403059988545,0.003947206570852957
1860,0.37199999999999167,0.3350634423613514,0.3311248545653555,0.003938587795995874
1865,0.37299999999999156,0.3348754634515818,0.3309454647164063,0.003929998735175522
1870,0.37399999999999145,0.3346872979804366,0.33076585876896086,0.003921439211475752
1875,0.37499999999999134,0.33449894350956827,0.33058603446011253,0.003912909049455737
1880,0.37599999999999123,0.3343103976230351,0.33040598954790035,0.0039044080751347576
1885,0.3769999999999911,0.3341216579270657,0.33022572181109094,0.003895936115974774
1890,0.377999999999991,0.33393272204982405,0.33004522904895855,0.003887493000865494
1895,0.3789999999999909,0.3337435876411813,0.3298645090810752,0.0038790785601061084
1900,0.3799999999999908,0.33355425237248776,0.3296835597470947,0.0038706926253930796
1905,0.3809999999999907,0.33336471393634914,0.3295023789065424,0.0038623350298067627
1910,0.38199999999999057,0.3331749700464054,0.32932096443861336,0.0038540056077920326
1915,0.38299999999999046,0.3329850184371115,0.3291393142419658,0.0038457041951456827
1920,0.38399999999999035,0.33279485686352445,0.3289574262345202,0.003837430629004268
1925,0.38499999999999024,0.33260448310108975,0.32877529835326474,0.0038291847478250096
1930,0.38599999999999013,0.3324138949454311,0.328592928554054,0.003820966391377134
1935,0.38699999999999,0.3322230902121438,0.3284103148114205,0.0038127754007232784
1940,0.3879999999999899,0.3320320667365901,0.328227455118382,0.0038046116182080536
1945,0.3889999999999898,0.3318408223736993,0.32804434748625344,0.003796474887445833
1950,0.3899999999999897,0.33164935499776793,0.32786098994446167,0.003788365053306264
1955,0.3909999999999896,0.33145766250226233,0.32767738054036477,0.003780281961897558
1960,0.39199999999998947,0.33126574279962606,0.3274935173390663,0.003772225460559775
1965,0.39299999999998936,0.3310735938210881,0.3273093984232392,0.0037641953978488907
1970,0.39399999999998925,0.33088121351647387,0.32712502189295123,0.0037561916235226422
1975,0.39499999999998914,0.33068859985401944,0.3269403858654878,0.0037482139885316457
1980,0.395999999999989,0.33049575082018695,0.3267554884751807,0.00374026234500624
1985,0.3969999999999889,0.33030266441948297,0.3265703278732439,0.0037323365462390568
1990,0.3979999999999888,0.33010933867427866,0.32638490222759736,0.0037244364466813007
1995,0.3989999999999887,0.3299157716246342,0.32619920972270683,0.0037165619019273732
2000,0.3999999999999886,0.3297219613281221,0.3260132485594253,0.003708712768696776
2005,0.4009999999999885,0.3295279058596546,0.3258270169548237,0.00370088890483089
2010,0.40199999999998837,0.3293336033113139,0.3256405131420325,0.0036930901692813767
2015,0.40299999999998826,0.3291390517921841,0.3254537353700884,0.0036853164220956858
2020,0.40399999999998815,0.3289442494281846,0.3252666819037803,0.003677567524404346
2025,0.40499999999998804,0.3287491943619055,0.3250793510234912,0.003669843338414247
2030,0.4059999999999879,0.32855388475244607,0.32489174102504753,0.003662143727398537
2035,0.4069999999999878,0.3283583187752544,0.32470385021957326,0.003654468555681134
2040,0.4079999999999877,0.3281624946219693,0.3245156769333409,0.003646817688628401
2045,0.4089999999999876,0.32796641050026415,0.3243272195076254,0.0036391909926387633
2050,0.4099999999999875,0.3277700646336922,0.3241384762985622,0.0036315883351299982
2055,0.4109999999999874,0.3275734552615346,0.32394944567700107,0.0036240095845335163
2060,0.41199999999998727,0.3273765806386505,0.32376012602836884,0.0036164546102816497
2065,0.41299999999998716,0.32717943903532787,0.32357051575252826,0.003608923282799603
2070,0.41399999999998705,0.3269820287371369,0.3233806132636455,0.0036014154734914094
2075,0.41499999999998693,0.32678434804478396,0.3231904169900513,0.0035939310547326575
2080,0.4159999999999868,0.3265863952739697,0.32299992537410466,0.0035864698998650524
2085,0.4169999999999867,0.3263881687552477,0.3228091368720663,0.0035790318831813717
2090,0.4179999999999866,0.32618966683388273,0.32261804995396687,0.003571616879915862
2095,0.4189999999999865,0.3259908878697142,0.32242666310347384,0.0035642247662403537
2100,0.4199999999999864,0.3257918302370206,0.3222349748177703,0.003556855419250271
2105,0.4209999999999863,0.32559249232438275,0.3220429836074249,0.003549508716957861
2110,0.42199999999998616,0.32539287253455074,0.3218506879962699,0.0035421845382808126
2115,0.42299999999998605,0.325192969284314,0.3216580865212781,0.003534882763035929
2120,0.42399999999998594,0.3249927810043702,0.321465177732441,0.0035276032719291917
2125,0.42499999999998583,0.32479230613919713,0.3212719601926475,0.0035203459465496523
2130,0.4259999999999857,0.32459154314692495,0.3210784324775683,0.003513110669356667
2135,0.4269999999999856,0.3243904904992114,0.32088459317553697,0.003505897323674456
2140,0.4279999999999855,0.32418914668111826,0.3206904408874337,0.0034987057936845534
2145,0.4289999999999854,0.3239875101909879,0.32049597422657317,0.0034915359644147603
2150,0.4299999999999853,0.3237855795403232,0.32030119181858985,0.003484387721733373
2155,0.4309999999999852,0.3235833532536672,0.32010609230132725,0.0034772609523399667
2160,0.43199999999998506,0.32338082986848493,0.3199106743247269,0.0034701555437580134
2165,0.43299999999998495,0.3231780079350461,0.3197149365507188,0.0034630713843272765
2170,0.43399999999998484,0.3229748860163104,0.3195188776531173,0.003456008363193097
2175,0.43499999999998473,0.32277146268781426,0.31932249631751014,0.0034489663703041185
2180,0.4359999999999846,0.32256773653755605,0.31912579124115537,0.0034419452964006836
2185,0.4369999999999845,0.32236370616588533,0.3189287611328761,0.003434945033009229
2190,0.4379999999999844,0.32215937018539376,0.3187314047129595,0.0034279654724342357
2195,0.4389999999999843,0.32195472722080454,0.3185337207130525,0.0034210065077520113
2200,0.4399999999999842,0.32174977590886517,0.3183357078760645,0.0034140680328006434
2205,0.44099999999998407,0.32154451489824165,0.3181373649560649,0.0034071499421767237
2210,0.44199999999998396,0.3213389428494117,0.3179386907181862,0.003400252131225523
2215,0.44299999999998385,0.321133058434563,0.31773968393852753,0.003393374496035495
2220,0.44399999999998374,0.3209268603374885,0.3175403434040574,0.0033865169334311163
2225,0.44499999999998363,0.3207203472534856,0.3173406679125207,0.0033796793409648918
2230,0.4459999999999835,0.3205135178892544,0.3171406562723444,0.003372861616910028
2235,0.4469999999999834,0.3203063709628005,0.3169403073025422,0.0033660636602583227
2240,0.4479999999999833,0.3200989052033349,0.31673961983262694,0.003359285370707954
2245,0.4489999999999832,0.3198911193511784,0.31653859270251605,0.0033525266486623684
2250,0.4499999999999831,0.31968301215766376,0.316337224762443,0.003345787395220734
2255,0.45099999999998297,0.319474582385041,0.31613551487287117,0.0033390675121698354
2260,0.45199999999998286,0.31926582880638515,0.31593346190440386,0.0033323669019812985
2265,0.45299999999998275,0.3190567502055018,0.3157310647376974,0.0033256854678043735
2270,0.45399999999998264,0.31884734537683507,0.31552832226337796,0.003319023113457109
2275,0.45499999999998253,0.31863761312537775,0.31532523338195373,0.003312379743424021
2280,0.4559999999999824,0.3184275522665814,0.31512179700373155,0.0033057552628498743
2285,0.4569999999999823,0.3182171616262663,0.31491801204873376,0.003299149577532523
2290,0.4579999999999822,0.31800644004053474,0.3147138774466179,0.003292562593916859
2295,0.4589999999999821,0.3177953863556849,0.3145093921365958,0.0032859942190890945
2300,0.459999999999982,0.3175839994281235,0.3143045550673519,0.0032794443607715995
2305,0.46099999999998187,0.31737227812428087,0.31409936519696624,0.0032729129273146307
2310,0.46199999999998176,0.31716022132052724,0.3138938214928325,0.0032663998276947215
2315,0.46299999999998165,0.3169478279030899,0.31368792293158326,0.003259904971506633
2320,0.46399999999998154,0.3167350967679706,0.31348166849901193,0.0032534282689586913
2325,0.46499999999998143,0.31652202682086483,0.3132750571899976,0.0032469696308672358
2330,0.4659999999999813,0.31630861697707996,0.31306808800842745,0.003240528968652512
2335,0.4669999999999812,0.3160948661614572,0.3128607599671275,0.0032341061943297333
2340,0.4679999999999811,0.31588077330829223,0.3126530720877838,0.0032277012205084166
2345,0.468999999999981,0.3156663373612579,0.31244502340087205,0.00322131396038583
2350,0.4699999999999809,0.3154515572733253,0.3122366129455873,0.0032149443277380008
2355,0.47099999999998077,0.3152364320066901,0.31202783976977216,0.00320859223691794
2360,0.47199999999998066,0.315020960532696,0.3118187029298445,0.0032022576028515326
2365,0.47299999999998055,0.3148051418317599,0.31160920149072907,0.003195940341030823
2370,0.47399999999998044,0.31458897489329835,0.3113993345257871,0.0031896403675112373
2375,0.4749999999999803,0.31437245871565467,0.3111891011167505,0.0031833575989041463
2380,0.4759999999999802,0.31415559230602585,0.31097850035365626,0.003177091952369593
2385,0.4769999999999801,0.31393837468039204,0.3107675313347741,0.0031708433456179574
2390,0.47799999999998,0.3137208048634464,0.3105561931665423,0.003164611696904074
2395,0.4789999999999799,0.3135028818885239,0.3103444849635044,0.0031583969250194577
2400,0.4799999999999798,0.31328460479753195,0.3101324058482456,0.0031521989492863667
2405,0.48099999999997967,0.31306597264088376,0.3099199549513279,0.003146017689555858
2410,0.48199999999997956,0.312846984477429,0.3097071314112224,0.003139853066206566
2415,0.48299999999997945,0.3126276393743864,0.3094939343742496,0.0031337050001368216
2420,0.48399999999997934,0.3124079364072785,0.3092803629945211,0.0031275734127573784
2425,0.4849999999999792,0.31218787465986503,0.30906641643387506,0.0031214582259899704
2430,0.4859999999999791,0.3119674532240785,0.3088520938618156,0.0031153593622628706
2435,0.486999999999979,0.31174667119995936,0.30863739445545313,0.0031092767445062286
2440,0.4879999999999789,0.3115255276955936,0.3084223173994415,0.0031032102961521257
2445,0.4889999999999788,0.3113040218270486,0.3082068618859248,0.003097159941123806
2450,0.4899999999999787,0.31108215271831086,0.30799102711447573,0.003091125603835121
2455,0.49099999999997856,0.31085991950122377,0.30777481229203985,0.0030851072091839238
2460,0.49199999999997845,0.3106373213154287,0.3075582166328768,0.003079104682551903
2465,0.49299999999997834,0.3104143573083019,0.30734123935850577,0.0030731179497961447
2470,0.49399999999997823,0.31019102663489556,0.3071238796976493,0.0030671469372462457
2475,0.4949999999999781,0.30996732845788005,0.3069061368861744,0.003061191571705646
2480,0.495999999999978,0.3097432619474828,0.30668801016704395,0.0030552517804388613
2485,0.4969999999999779,0.3095188262814338,0.3064694987902594,0.0030493274911743695
2490,0.4979999999999778,0.30929402064490347,0.3062506020128034,0.003043418632100059
2495,0.4989999999999777,0.30906884423044895,0.30603131909859427,0.003037525131854679
2500,0.4999999999999776,0.30884329623795803,0.3058116493184287,0.0030316469195293405
2505,0.5009999999999775,0.3086173758745922,0.30559159194992863,0.003025783924663572
2510,0.5019999999999774,0.30839108235473056,0.30537114627749207,0.0030199360772384942
2515,0.5029999999999772,0.30816441489991697,0.3051503115922429,0.0030141033076740986
2520,0.5039999999999771,0.3079373727388068,0.30492908719198103,0.0030082855468257508
2525,0.504999999999977,0.30770995510711147,0.3047074723811311,0.00300248272598036
2530,0.5059999999999769,0.30748216124754546,0.3044854664706872,0.0029966947768582664
2535,0.5069999999999768,0.30725399040977464,0.30426306877817383,0.002990921631600807
2540,0.5079999999999767,0.3070254418503649,0.3040402786275927,0.0029851632227722025
2545,0.5089999999999766,0.3067965148327291,0.30381709534937446,0.0029794194833546173
2550,0.5099999999999765,0.3065672086270776,0.3035935182803324,0.002973690346745217
2555,0.5109999999999764,0.3063375225103666,0.3033695467636129,0.002967975746753726
2560,0.5119999999999763,0.3061074557662499,0.3031451801486507,0.002962275617599208
2565,0.5129999999999761,0.3058770076850292,0.302920417791124,0.0029565898939051816
2570,0.513999999999976,0.3056461775636026,0.3026952590529061,0.002950918510696454
2575,0.5149999999999759,0.30541496470541946,0.30246970330202455,0.0029452614033949054
2580,0.5159999999999758,0.3051833684204293,0.30224374991260816,0.002939618507821151
2585,0.5169999999999757,0.3049513880250367,0.3020173982648526,0.002933989760184108
2590,0.5179999999999756,0.30471902284205427,0.301790647744972,0.0029283750970822697
2595,0.5189999999999755,0.3044862722006548,0.3015634977451522,0.002922774455502597
2600,0.5199999999999754,0.30425313543632604,0.30133594766351063,0.0029171877728154105
2605,0.5209999999999753,0.304019611890823,0.3011079969040543,0.0029116149867686736
2610,0.5219999999999752,0.30378570091212515,0.30087964487663627,0.00290605603548888
2615,0.522999999999975,0.3035514018543903,0.3006508909969146,0.002900510857475669
2620,0.5239999999999749,0.3033167140779104,0.3004217346863085,0.0028949793916018818
2625,0.5249999999999748,0.3030816369490676,0.30019217537196274,0.002889461577104846
2630,0.5259999999999747,0.3028461698402912,0.2999622124867047,0.0028839573535865415
2635,0.5269999999999746,0.3026103121300141,0.2997318454690026,0.0028784666610114917
2640,0.5279999999999745,0.3023740632026304,0.29950107376292345,0.00287298943970693
2645,0.5289999999999744,0.3021374224484529,0.2992698968180957,0.0028675256303571928
2650,0.5299999999999743,0.30190038926366997,0.29903831408967235,0.0028620751739976136
2655,0.5309999999999742,0.3016629630503047,0.29880632503828963,0.002856638012015078
2660,0.531999999999974,0.30142514321617564,0.2985739291300312,0.0028512140861444157
2665,0.5329999999999739,0.3011869291748534,0.29834112583638733,0.0028458033384660686
2670,0.5339999999999738,0.3009483203456226,0.2981079146342173,0.0028404057114052583
2675,0.5349999999999737,0.3007093161534405,0.29787429500571466,0.0028350211477258247
2680,0.5359999999999736,0.30046991602889755,0.2976402664383653,0.0028296495905322794
2685,0.5369999999999735,0.3002301194081773,0.297405828424917,0.0028242909832603136
2690,0.5379999999999734,0.2999899257330199,0.29717098046334167,0.0028189452696782413
2695,0.5389999999999733,0.29974933445068125,0.2969357220567938,0.0028136123938874436
2700,0.5399999999999732,0.29950834501389506,0.29670005271357736,0.002808292300317705
2705,0.5409999999999731,0.29926695688083754,0.29646397194711616,0.0028029849337213864
2710,0.541999999999973,0.29902516951508784,0.29622747927591647,0.0027976902391713687
2715,0.5429999999999728,0.2987829823855911,0.2959905742235273,0.0027924081620637753
2720,0.5439999999999727,0.2985403949666216,0.2957532563185084,0.0027871386481131966
2725,0.5449999999999726,0.2982974067377476,0.2955155250943994,0.002781881643348194
2730,0.5459999999999725,0.29805401718379376,0.29527738008968213,0.0027766370941116336
2735,0.5469999999999724,0.297810225794806,0.295038820847754,0.0027714049470519697
2740,0.5479999999999723,0.29756603206601606,0.29479984691688566,0.002766185149130407
2745,0.5489999999999722,0.29732143549780654,0.2945604578501949,0.0027609776476116288
2750,0.5499999999999721,0.2970764355956759,0.2943206532056127,0.002755782390063244
2755,0.550999999999972,0.29683103187020327,0.29408043254584953,0.0027505993243537308
2760,0.5519999999999718,0.29658522383701613,0.29383979543836086,0.0027454283986552697
2765,0.5529999999999717,0.2963390110167556,0.2935987414553222,0.0027402695614333616
2770,0.5539999999999716,0.2960923929350429,0.2933572701735936,0.0027351227614493268
2775,0.5549999999999715,0.2958453691224456,0.29311538117469066,0.0027299879477549194
2780,0.5559999999999714,0.2955979391144453,0.2928730740447544,0.0027248650696909404
2785,0.5569999999999713,0.2953501024514048,0.29263034837451407,0.0027197540768907347
2790,0.5579999999999712,0.29510185867853506,0.29238720375926475,0.0027146549192703096
2795,0.5589999999999711,0.29485320734586423,0.2921436397988354,0.002709567547028835
2800,0.559999999999971,0.29460414800820517,0.2918996560975574,0.002704491910647755
2805,0.5609999999999709,0.2943546802251251,0.2916552522642375,0.0026994279608876237
2810,0.5619999999999707,0.29410480356091434,0.29141042791212646,0.0026943756487878834
2815,0.5629999999999706,0.2938545175845531,0.29116518265888996,0.002689334925663145
2820,0.5639999999999705,0.29360382186968287,0.29091951612658146,0.0026843057431014117
2825,0.5649999999999704,0.2933527159945747,0.2906734279416134,0.002679288052961304
2830,0.5659999999999703,0.2931011995421016,0.29042691773473134,0.0026742818073702823
2835,0.5669999999999702,0.29284927209970635,0.29017998514097953,0.002669286958726813
2840,0.5679999999999701,0.29259693325937336,0.2899326297996803,0.0026643034596930404
2845,0.56899999999997,0.29234418261759704,0.2896848513544053,0.002659331263191733
2850,0.5699999999999699,0.29209101977535484,0.2894366494529449,0.002654370322409949
2855,0.5709999999999698,0.2918374443380787,0.28918802374728386,0.0026494205907948154
2860,0.5719999999999696,0.2915834559156258,0.2889389738935757,0.0026444820220500875
2865,0.5729999999999695,0.2913290541222498,0.2886894995521151,0.0026395545701347056
2870,0.5739999999999694,0.29107423857657294,0.28843960038730854,0.0026346381892644044
2875,0.5749999999999693,0.2908190089015592,0.28818927606765415,0.002629732833905052
2880,0.5759999999999692,0.2905633647244854,0.2879385262657098,0.0026248384587755913
2885,0.5769999999999691,0.29030730567691515,0.2876873506580743,0.002619955018840825
2890,0.577999999999969,0.2900508313946696,0.28743574892535734,0.0026150824693122465
2895,0.5789999999999689,0.28979394151780324,0.28718372075215265,0.002610220765650595
2900,0.5799999999999688,0.2895366356905764,0.28693126582701955,0.002605369863556861
2905,0.5809999999999687,0.2892789135614271,0.28667838384245387,0.0026005297189732324
2910,0.5819999999999685,0.2890207747829475,0.28642507449486293,0.0025957002880845903
2915,0.5829999999999684,0.2887622190118555,0.28617133748454565,0.0025908815273098518
2920,0.5839999999999683,0.28850324590897114,0.28591717251566307,0.002586073393308075
2925,0.5849999999999682,0.28824385513919015,0.28566257929621963,0.0025812758429705207
2930,0.5859999999999681,0.2879840463714591,0.28540755753803604,0.0025764888334230407
2935,0.586999999999968,0.28772381927874935,0.28515210695672605,0.0025717123220233007
2940,0.5879999999999679,0.287463173538033,0.2848962272716726,0.002566946266360448
2945,0.5889999999999678,0.28720210883025765,0.2846399182060078,0.0025621906242498382
2950,0.5899999999999677,0.28694062484032307,0.28438317948658937,0.0025574453537337005
2955,0.5909999999999676,0.2866787212570556,0.28412601084397626,0.002552710413079362
2960,0.5919999999999674,0.2864163977731838,0.2838684120124068,0.002547985760776972
2965,0.5929999999999673,0.2861536540853165,0.28361038272977845,0.002543271355538057
2970,0.5939999999999672,0.28589048989391924,0.28335192273761944,0.002538567156299798
2975,0.5949999999999671,0.28562690490328824,0.2830930317810741,0.0025338731222141475
2980,0.595999999999967,0.28536289882152943,0.28283370960887966,0.002529189212649774
2985,0.5969999999999669,0.2850984713605344,0.28257395597334184,0.0025245153871925607
2990,0.5979999999999668,0.28483362223595726,0.2823137706303142,0.002519851605643053
2995,0.5989999999999667,0.28456835116719287,0.28205315333917785,0.0025151978280150145
3000,0.5999999999999666,0.2843026578773535,0.28179210386282466,0.0025105540145288208
3005,0.6009999999999664,0.28403654209324736,0.28153062196762707,0.0025059201256202868
3010,0.6019999999999663,0.28377000354535686,0.28126870742342375,0.0025012961219331165
3015,0.6029999999999662,0.2835030419678153,0.28100636000350004,0.0024966819643152394
3020,0.6039999999999661,0.283235657098385,0.2807435794845636,0.0024920776138214196
3025,0.604999999999966,0.2829678486784379,0.280480365646725,0.002487483031712867
3030,0.6059999999999659,0.28269961645293157,0.2802167182734832,0.0024828981794483562
3035,0.6069999999999658,0.28243096017038977,0.2799526371516965,0.0024783230186932736
3040,0.6079999999999657,0.2821618795828809,0.2796881220715692,0.002473757511311736
3045,0.6089999999999656,0.28189237444599746,0.2794231728266316,0.0024692016193658683
3050,0.6099999999999655,0.2816224445188337,0.27915778921371986,0.002464655305113861
3055,0.6109999999999653,0.2813520895639674,0.27889197103295726,0.002460118531010136
3060,0.6119999999999652,0.28108130934743836,0.27862571808773356,0.0024555912597047924
3065,0.6129999999999651,0.28081010363872877,0.2783590301846872,0.0024510734540415524
3070,0.613999999999965,0.2805384722107413,0.2780919071336864,0.002446565077054874
3075,0.6149999999999649,0.280266414839781,0.27782434874780937,0.0024420660919716175
3080,0.6159999999999648,0.27999393130553546,0.2775563548433277,0.002437576462207769
3085,0.6169999999999647,0.2797210213910543,0.27728792523968676,0.002433096151367553
3090,0.6179999999999646,0.27944768488273114,0.2770190597594915,0.0024286251232396583
3095,0.6189999999999645,0.27917392157028326,0.2767497582284818,0.002424163341801455
3100,0.6199999999999644,0.27889973124673284,0.27648002047552145,0.002419710771211392
3105,0.6209999999999642,0.2786251137083877,0.2762098463325762,0.0024152673758114918
3110,0.6219999999999641,0.2783500687548241,0.27593923563469297,0.0024108331201311284
3115,0.622999999999964,0.2780745961888654,0.2756681882199878,0.0024064079688775886
3120,0.6239999999999639,0.277798695816566,0.27539670392962984,0.0024019918869361834
3125,0.6249999999999638,0.2775223674471913,0.2751247826078213,0.0023975848393699706
3130,0.6259999999999637,0.27724561089320005,0.2748524241017799,0.0023931867914201432
3135,0.6269999999999636,0.27696842597022664,0.27457962826172366,0.0023887977085029766
3140,0.6279999999999635,0.27669081249706295,0.27430639494085224,0.002384417556210716
3145,0.6289999999999634,0.2764127702956408,0.2740327239953317,0.0023800463003091354
3150,0.6299999999999633,0.27613429919101434,0.2737586152842766,0.0023756839067377578
3155,0.6309999999999631,0.27585539901134093,0.273484068669737,0.0023713303416039166
3160,0.631999999999963,0.27557606958786607,0.2732090840166798,0.002366985571186253
3165,0.6329999999999629,0.2752963107549054,0.2729336611929708,0.0023626495619346044
3170,0.6339999999999628,0.27501612234982636,0.27265780006935936,0.0023583222804670068
3175,0.6349999999999627,0.2747355042130336,0.27238150051946797,0.0023540036935656428
3180,0.6359999999999626,0.2744544561879506,0.27210476241977144,0.002349693768179173
3185,0.6369999999999625,0.2741729781210023,0.271827585649581,0.0023453924714212926
3190,0.6379999999999624,0.2738910698615998,0.271549970091028,0.002341099770571786
3195,0.6389999999999623,0.27360873126212265,0.271271915629054,0.002336815633068645
3200,0.6399999999999622,0.27332596217790367,0.2709934221513913,0.002332540026512342
3205,0.640999999999962,0.27304276246721365,0.27071448954855093,0.0023282729186627216
3210,0.6419999999999619,0.27275913199124374,0.27043511771380147,0.0023240142774422767
3215,0.6429999999999618,0.2724750706140891,0.2701553065431575,0.002319764070931596
3220,0.6439999999999617,0.2721905782027343,0.26987505593536426,0.0023155222673700293
3225,0.6449999999999616,0.2719056546270369,0.2695943657918866,0.0023112888351503047
3230,0.6459999999999615,0.27162029975971214,0.2693132360168915,0.0023070637428206364
3235,0.6469999999999614,0.27133451347631726,0.2690316665172342,0.0023028469590830603
3240,0.6479999999999613,0.27104829565523625,0.2687496572024419,0.0022986384527943216
3245,0.6489999999999612,0.27076164617766446,0.2684672079847003,0.0022944381929641544
3250,0.649999999999961,0.27047456492759436,0.26818431877884324,0.0022902461487511183
3255,0.6509999999999609,0.2701870517917998,0.26790098950233365,0.002286062289466151
3260,0.6519999999999608,0.2698991066598216,0.2676172200752512,0.002281886584570403
3265,0.6529999999999607,0.26961072942395053,0.2673330104202797,0.0022777190036708528
3270,0.6539999999999606,0.2693219199792157,0.2670483604626926,0.0022735595165230826
3275,0.6549999999999605,0.26903267822336807,0.2667632701303387,0.0022694080930293903
3280,0.6559999999999604,0.2687430040568667,0.2664777393536286,0.002265264703238068
3285,0.6569999999999603,0.2684528973828647,0.2661917680655231,0.002261129317341626
3290,0.6579999999999602,0.26816235810719447,0.2659053562015186,0.0022570019056758484
3295,0.6589999999999601,0.26787138613835354,0.26561850369963375,0.0022528824387197943
3300,0.65999999999996,0.26757998138749056,0.26533121050039354,0.002248770887097018
3305,0.6609999999999598,0.26728814376839194,0.26504347654682175,0.0022446672215701846
3310,0.6619999999999597,0.2669958731974672,0.2647553017844241,0.0022405714130431242
3315,0.6629999999999596,0.2667031695937356,0.2644666861611793,0.00223648343255628
3320,0.6639999999999595,0.26641003287881276,0.26417762962752334,0.0022324032512894276
3325,0.6649999999999594,0.26611646297689656,0.2638881321363342,0.0022283308405623425
3330,0.6659999999999593,0.2658224598147542,0.26359819364292325,0.0022242661718309686
3335,0.6669999999999592,0.2655280233217093,0.26330781410502296,0.002220209216686364
3340,0.6679999999999591,0.26523315342962767,0.26301699348277535,0.002216159946852314
3345,0.668999999999959,0.2649378500729042,0.2627257317387158,0.00221211833418844
3350,0.6699999999999589,0.2646421131884502,0.262434028837762,0.0022080843506881997
3355,0.6709999999999587,0.2643459427156803,0.26214188474720207,0.0022040579684782236
3360,0.6719999999999586,0.2640493385965006,0.26184929943668567,0.002200039159814926
3365,0.6729999999999585,0.2637523007752949,0.26155627287820904,0.0021960278970858393
3370,0.6739999999999584,0.2634548291989117,0.2612628050461016,0.0021920241528101125
3375,0.6749999999999583,0.2631569238166524,0.26096889591701633,0.002188027899636069
3380,0.6759999999999582,0.2628585845802584,0.2606745454699202,0.0021840391103382095
3385,0.6769999999999581,0.2625598114438988,0.260379753686079,0.0021800577578197644
3390,0.677999999999958,0.26226060436415816,0.26008452054904696,0.002176083815111196
3395,0.6789999999999579,0.2619609633000239,0.25978884604465613,0.002172117255367756
3400,0.6799999999999577,0.2616608882128752,0.2594927301610014,0.002168158051873814
3405,0.6809999999999576,0.2613603790664706,0.25919617288843455,0.002164206178036032
3410,0.6819999999999575,0.2610594358269351,0.2588991742195496,0.002160261607385472
3415,0.6829999999999574,0.2607580584627484,0.2586017341491742,0.0021563243135742094
3420,0.6839999999999573,0.26045624694473324,0.258303852674357,0.0021523942703762233
3425,0.6849999999999572,0.2601540012460443,0.2580055297943572,0.0021484714516871173
3430,0.6859999999999571,0.2598513213421574,0.2577067655106299,0.002144555831527506
3435,0.686999999999957,0.2595482072108557,0.25740755982682306,0.0021406473840326345
3440,0.6879999999999569,0.2592446588322201,0.2571079127487597,0.0021367460834603724
3445,0.6889999999999568,0.25894067618861666,0.2568078242844295,0.0021328519041871608
3450,0.6899999999999566,0.2586362592646853,0.2565072944439792,0.002128964820706125
3455,0.6909999999999565,0.2583314080473302,0.2562063232397013,0.0021250848076289075
3460,0.6919999999999564,0.25802612252570695,0.25590491068602567,0.0021212118396812807
3465,0.6929999999999563,0.2577204026912119,0.25560305679950485,0.0021173458917070342
3470,0.6939999999999562,0.25741424853747136,0.2553007615988062,0.0021134869386651434
3475,0.6949999999999561,0.25710766006032976,0.2549980251047037,0.0021096349556260496
3480,0.695999999999956,0.2568006372578407,0.2546948473400646,0.002105789917776102
3485,0.6969999999999559,0.2564931801302539,0.2543912283298397,0.0021019518004142257
3490,0.6979999999999558,0.2561852886800072,0.2540871681010564,0.0020981205789507573
3495,0.6989999999999557,0.255876962911713,0.2537826666828056,0.002094296228907444
3500,0.6999999999999555,0.2555682028321498,0.25347772410622965,0.002090478725920164
3505,0.7009999999999554,0.25525900845025074,0.2531723404045182,0.0020866680457325426
3510,0.7019999999999553,0.2549493797770937,0.2528665156128967,0.002082864164197007
3515,0.7029999999999552,0.25463931682589036,0.2525602497686134,0.002079067057276951
3520,0.7039999999999551,0.25432881961197723,0.2522535429109336,0.002075276701043627
3525,0.704999999999955,0.2540178881528039,0.2519463950811289,0.002071493071674979
3530,0.7059999999999549,0.25370652246792297,0.25163880632246827,0.002067716145454701
3535,0.7069999999999548,0.2533947225789817,0.251330776680205,0.002063945898776731
3540,0.7079999999999547,0.25308248850971027,0.2510223062015731,0.0020601823081371484
3545,0.7089999999999546,0.2527698202859128,0.25071339493577294,0.00205642535013989
3550,0.7099999999999544,0.25245671793545654,0.25040404293396457,0.002052675001491977
3555,0.7109999999999543,0.2521431814882629,0.2500942502492582,0.0020489312390047365
3560,0.7119999999999542,0.25182921097629835,0.24978401693670466,0.0020451940395936896
3565,0.7129999999999541,0.25151480643356255,0.24947334305328597,0.0020414633802765814
3570,0.713999999999954,0.2511999678960815,0.24916222865791007,0.0020377392381714377
3575,0.7149999999999539,0.25088469540189634,0.2488506738113962,0.0020340215905001457
3580,0.7159999999999538,0.25056898899105357,0.24853867857646958,0.0020303104145839856
3585,0.7169999999999537,0.2502528487055962,0.24822624301775154,0.0020266056878446848
3590,0.7179999999999536,0.24993627458955506,0.24791336720175158,0.0020229073878034742
3595,0.7189999999999535,0.24961926668893897,0.24760005119685538,0.002019215492083587
3600,0.7199999999999533,0.24930182505172416,0.24728629507332156,0.002015529978402597
3605,0.7209999999999532,0.24898394972784707,0.24697209890326807,0.002011850824578998
3610,0.7219999999999531,0.24866564076919473,0.24665746276066702,0.0020081780085277057
3615,0.722999999999953,0.2483468982295952,0.24634238672133446,0.0020045115082607257
3620,0.7239999999999529,0.24802772216480926,0.2460268708629238,0.002000851301885459
3625,0.7249999999999528,0.24770811263252152,0.24571091526491554,0.0019971973676059795
3630,0.7259999999999527,0.2473880696923305,0.24539452000860862,0.001993549683721868
3635,0.7269999999999526,0.24706759340574025,0.24507768517711503,0.0019899082286252145
3640,0.7279999999999525,0.24674668383615175,0.24476041085534822,0.001986272980803533
3645,0.7289999999999524,0.24642534104885494,0.2444426971300167,0.001982643918838234
3650,0.7299999999999522,0.24610356511101936,0.24412454408961476,0.001979021021404598
3655,0.7309999999999521,0.2457813560916852,0.24380595182441642,0.0019754042672687766
3660,0.731999999999952,0.2454587140617554,0.24348692042646672,0.0019717936352886822
3665,0.7329999999999519,0.24513563909398658,0.24316744998957268,0.0019681891044139033
3670,0.7339999999999518,0.2448121312629814,0.24284754060929595,0.001964590653685455
3675,0.7349999999999517,0.24448819064517938,0.24252719238294543,0.0019609982622339484
3680,0.7359999999999516,0.24416381731884912,0.2422064054095684,0.0019574119092807263
3685,0.7369999999999515,0.24383901136408023,0.24188517978994467,0.0019538315741355616
3690,0.7379999999999514,0.24351377286277434,0.24156351562657538,0.00195025723619896
3695,0.7389999999999513,0.2431881018986379,0.24124141302368035,0.0019466888749575528
3700,0.7399999999999511,0.242861998557173,0.2409188720871892,0.0019431264699837913
3705,0.740999999999951,0.24253546292566983,0.24059589292472824,0.0019395700009415817
3710,0.7419999999999509,0.24220849509319867,0.2402724756456171,0.0019360194475815662
3715,0.7429999999999508,0.24188109515060227,0.23994862036086353,0.0019324747897387362
3720,0.7439999999999507,0.24155326319048798,0.23962432718315205,0.0019289360073359296
3725,0.7449999999999506,0.24122499930721888,0.23929959622683827,0.001925403080380611
3730,0.7459999999999505,0.24089630359690678,0.2389744276079431,0.0019218759889636783
3735,0.7469999999999504,0.24056717615740483,0.23864882144414434,0.0019183547132604895
3740,0.7479999999999503,0.24023761708829858,0.23832277785476735,0.0019148392335312237
3745,0.7489999999999502,0.2399076264908993,0.23799629696078084,0.0019113295301184663
3750,0.74999999999995,0.23957720446823622,0.237669378884787,0.0019078255834492075
3755,0.7509999999999499,0.2392463511250481,0.2373420237510164,0.0019043273740317057
3760,0.7519999999999498,0.2389150665677766,0.23701423168531868,0.0019008348824579302
3765,0.7529999999999497,0.23858335090455943,0.23668600281515914,0.0018973480894002859
3770,0.7539999999999496,0.2382512042452214,0.2363573372696089,0.0018938669756125015
3775,0.7549999999999495,0.23791862670126787,0.23602823517933771,0.001890391521930157
3780,0.7559999999999494,0.2375856183858779,0.235698696676611,0.0018869217092669088
3785,0.7569999999999493,0.23725217941389568,0.23536872189527858,0.0018834575186170988
3790,0.7579999999999492,0.2369183099018237,0.23503831097077033,0.0018799989310533671
3795,0.758999999999949,0.2365840099678163,0.2347074640400865,0.0018765459277298169
3800,0.7599999999999489,0.23624927973167123,0.23437618124179446,0.0018730984898767677
3805,0.7609999999999488,0.2359141193148239,0.2340444627160213,0.0018696565988025882
3810,0.7619999999999487,0.23557852884033975,0.23371230860444597,0.0018662202358937785
3815,0.7629999999999486,0.23524250843290698,0.2333797190502933,0.0018627893826136666
3820,0.7639999999999485,0.23490605821882934,0.23304669419832802,0.001859364020501325
3825,0.7649999999999484,0.23456917832602006,0.23271323419484446,0.0018559441311755964
3830,0.7659999999999483,0.2342318688839937,0.23237933918766385,0.0018525296963298465
3835,0.7669999999999482,0.23389413002386059,0.2320450093261279,0.0018491206977326868
3840,0.7679999999999481,0.23355596187831915,0.23171024476109361,0.0018457171172255316
3845,0.768999999999948,0.23321736458164918,0.2313750456449233,0.001842318936725873
3850,0.7699999999999478,0.23287833826970553,0.23103941213148052,0.0018389261382250055
3855,0.7709999999999477,0.23253888307991066,0.23070334437612006,0.0018355387037906068
3860,0.7719999999999476,0.23219899915124964,0.23036684253568857,0.0018321566155610758
3865,0.7729999999999475,0.23185868662426118,0.23002990676851284,0.001828779855748336
3870,0.7739999999999474,0.23151794564103256,0.22969253723439478,0.0018254084066377796
3875,0.7749999999999473,0.23117677634519318,0.22935473409460638,0.0018220422505867973
3880,0.7759999999999472,0.23083517888190647,0.22901649751188205,0.0018186813700244164
3885,0.7769999999999471,0.23049315339786558,0.22867782765041428,0.0018153257474513018
3890,0.777999999999947,0.23015070004128504,0.2283387246758469,0.0018119753654381454
3895,0.7789999999999468,0.2298078189618952,0.2279991887552682,0.0018086302066269988
3900,0.7799999999999467,0.22946451031093631,0.22765922005720524,0.0018052902537310789
3905,0.7809999999999466,0.2291207742411513,0.22731881875161966,0.0018019554895316314
3910,0.7819999999999465,0.2287766109067805,0.22697798500989938,0.001798625896881123
3915,0.7829999999999464,0.2284320204635548,0.22663671900485471,0.001795301458700077
3920,0.7839999999999463,0.228087003068689,0.2262950209107107,0.0017919821579783224
3925,0.7849999999999462,0.22774155888087624,0.22595289090310275,0.0017886679777734948
3930,0.7859999999999461,0.22718717776848377,0.22540381354698016,0.0017833642215036027
3935,0.786999999999946,0.22649274426895885,0.22471601141236455,0.0017767328565942986
3940,0.7879999999999459,0.22579577988797653,0.22402568950469895,0.0017700903832775783
3945,0.7889999999999457,0.22509627572367646,0.22333283896938846,0.0017634367542880003
3950,0.7899999999999456,0.22439422282085317,0.22263745089877793,0.0017567719220752398
3955,0.7909999999999455,0.22368961217056202,0.2219395163317531,0.0017500958388089183
3960,0.7919999999999454,0.22298243470972354,0.22123902625334993,0.0017434084563736074
3965,0.7929999999999453,0.22227268132072223,0.2205359715943561,0.0017367097263661369
3970,0.7939999999999452,0.2215603428310034,0.21983034323090872,0.0017299996000946782
3975,0.7949999999999451,0.22084541001266492,0.2191221319840879,0.0017232780285770244
3980,0.795999999999945,0.22012787358204716,0.2184113286195128,0.001716544962534372
3985,0.7969999999999449,0.2194077241993187,0.21769792384692593,0.0017098003523927652
3990,0.7979999999999448,0.21868495246805728,0.21698190831977812,0.0017030441482791536
3995,0.7989999999999446,0.21795954893482622,0.21626327263480818,0.0016962763000180348
4000,0.7999999999999445,0.21723150408875125,0.21554200733161824,0.0016894967571330077
4005,0.8009999999999444,0.21650080836108881,0.2148181028922425,0.0016827054688463017
4010,0.8019999999999443,0.2157674521247923,0.21409154974072434,0.0016759023840679788
4015,0.8029999999999442,0.21503142569407577,0.2133623382426787,0.0016690874513970722
4020,0.8039999999999441,0.21429271932397054,0.21263045870484898,0.0016622606191215583
4025,0.804999999999944,0.21355132320988018,0.21189590137466494,0.0016554218352152483
4030,0.8059999999999439,0.2128072274871312,0.21115865643979867,0.0016485710473325421
4035,0.8069999999999438,0.2120604222305201,0.21041871402771103,0.0016417082028090668
4040,0.8079999999999437,0.2113108974538533,0.20967606420519694,0.0016348332486563755
4045,0.8089999999999435,0.21055864310948677,0.20893069697792163,0.001627946131565139
4050,0.8099999999999434,0.20980364908785892,0.20818260228996419,0.0016210467978947374
4055,0.8109999999999433,0.20904590521702054,0.2074317700233459,0.0016141351936746484
4060,0.8119999999999432,0.20828540126216,0.20667818999755722,0.0016072112646027814
4065,0.8129999999999431,0.2075221269251221,0.20592185196907997,0.0016002749560421192
4070,0.813999999999943,0.20675607184392647,0.20516274563090936,0.00159332621301711
4075,0.8149999999999429,0.20598722559227983,0.2044008606120691,0.001586364980210725
4080,0.8159999999999428,0.20521557767908197,0.20363618647711942,0.0015793912019625433
4085,0.8169999999999427,0.2044411175479283,0.2028687127256631,0.0015724048222651998
4090,0.8179999999999426,0.20366383457661041,0.20209842879184511,0.0015654057847653002
4095,0.8189999999999424,0.20288371807660732,0.2013253240438521,0.0015583940327552337
4100,0.8199999999999423,0.20210075729257568,0.20054938778340162,0.001551369509174061
4105,0.8209999999999422,0.2013149414018336,0.19977060924522894,0.0015443321566046553
4110,0.8219999999999421,0.20052625951383968,0.19898897759657205,0.0015372819172676244
4115,0.822999999999942,0.1997347006696685,0.19820448193664572,0.0015302187330227812
4120,0.8239999999999419,0.19894025384147915,0.1974171112961163,0.0015231425453628433
4125,0.8249999999999418,0.19814290793198022,0.19662685463656854,0.0015160532954116845
4130,0.8259999999999417,0.19734265177389015,0.19583370084996735,0.0015089509239228083
4135,0.8269999999999416,0.19653947412939135,0.19503763875811816,0.0015018353712731858
4140,0.8279999999999414,0.19573336368958014,0.1942386571121173,0.0014947065774628399
4145,0.8289999999999413,0.1949243090739117,0.19343674459179946,0.0014875644821122358
4150,0.8299999999999412,0.19411229882963663,0.19263188980518192,0.0014804090244547041
4155,0.8309999999999411,0.19329732143123796,0.1918240812878989,0.0014732401433390496
4160,0.831999999999941,0.1924793652798583,0.19101330750263346,0.0014660577772248329
4165,0.8329999999999409,0.19165841870272268,0.19019955683854728,0.0014588618641754036
4170,0.8339999999999408,0.19083446995255687,0.18938281761069758,0.0014516523418592886
4175,0.8349999999999407,0.19000750720699966,0.1885630780594511,0.0014444291475485538
4180,0.8359999999999406,0.18917751856800946,0.18774032634990107,0.0014371922181083963
4185,0.8369999999999405,0.18834449206126427,0.18691455057126477,0.0014299414899995033
4190,0.8379999999999403,0.18750841563555873,0.18608573873628675,0.001422676899271974
4195,0.8389999999999402,0.18666927716219217,0.18525387878062838,0.0014153983815637927
4200,0.8399999999999401,0.18582706443435307,0.18441895856225665,0.0014081058720964157
4205,0.84099999999994,0.18498176516649695,0.1835809658608255,0.0014007993056714407
4210,0.8419999999999399,0.18413336699371838,0.18273988837705124,0.0013934786166671376
4215,0.8429999999999398,0.18328185747111708,0.18189571373208047,0.001386143739036616
4220,0.8439999999999397,0.18242722407315726,0.181048429466855,0.0013787946063022471
4225,0.8449999999999396,0.18156945419302165,0.18019802304146784,0.0013714311515538036
4230,0.8459999999999395,0.18070853514195817,0.17934448183451615,0.0013640533074420202
4235,0.8469999999999394,0.1798444541486231,0.17848779314244578,0.0013566610061773177
4240,0.8479999999999392,0.17897719835841397,0.17762794417888675,0.0013492541795272206
4245,0.8489999999999391,0.17810675483279848,0.17676492207398994,0.001341832758808531
4250,0.849999999999939,0.17723311054863738,0.17589871387374922,0.0013343966748881608
4255,0.8509999999999389,0.17635625239749936,0.175029306539321,0.0013269458581783578
4260,0.8519999999999388,0.17547616718496922,0.17415668694633818,0.0013194802386310434
4265,0.8529999999999387,0.17459284162995006,0.17328084188421666,0.0013119997457333998
4270,0.8539999999999386,0.17370626236396017,0.17240175805545188,0.0013045043085082864
4275,0.8549999999999385,0.17281641593041955,0.17151942207491377,0.0012969938555057736
4280,0.8559999999999384,0.17192328878393145,0.1706338204691304,0.0012894683148010622
4285,0.8569999999999383,0.17102686728955857,0.1697449396755663,0.001281927613992262
4290,0.8579999999999381,0.170127137722089,0.16885276604189509,0.0012743716801939253
4295,0.858999999999938,0.16922408626529709,0.1679572858252648,0.001266800440032273
4300,0.8599999999999379,0.16831769901119556,0.16705848519155303,0.0012592138196425295
4305,0.8609999999999378,0.16740796195928176,0.1661563502146154,0.00125161174466637
4310,0.8619999999999377,0.1664948610157756,0.16525086687552962,0.0012439941402459798
4315,0.8629999999999376,0.16557838199285055,0.1643420210618309,0.0012363609310196422
4320,0.8639999999999375,0.16465851060785697,0.16342979856673914,0.0012287120411178243
4325,0.8649999999999374,0.16373523248253724,0.16251418508837856,0.0012210473941586808
4330,0.8659999999999373,0.1628085331422331,0.16159516622898948,0.0012133669132436131
4335,0.8669999999999372,0.1618783980150864,0.16067272749413194,0.001205670520954466
4340,0.867999999999937,0.16094481243122952,0.1597468542918822,0.0011979581393473104
4345,0.8689999999999369,0.16000776162197095,0.15881753193202197,0.001190229689948974
4350,0.8699999999999368,0.1590672307189697,0.15788474562522,0.0011824850937496856
4355,0.8709999999999367,0.15812320475340388,0.15694848048220178,0.0011747242712021044
4360,0.8719999999999366,0.1571756686551288,0.156008721512915,0.0011669471422137978
4365,0.8729999999999365,0.15622460725182932,0.15506545362568164,0.0011591536261476854
4370,0.8739999999999364,0.15527000526816107,0.15411866162634838,0.0011513436418126854
4375,0.8749999999999363,0.15431184732488334,0.15316833021742682,0.0011435171074565265
4380,0.8759999999999362,0.1533501179379862,0.15221444399721748,0.0011356739407687166
4385,0.876999999999936,0.15238480151780617,0.15125698745893543,0.0011278140588707464
4390,0.8779999999999359,0.15141588236813308,0.15029594498982116,0.0011199373783119249
4395,0.8789999999999358,0.1504433446853087,0.14933130087024485,0.0011120438150638567
4400,0.8799999999999357,0.14946717255731554,0.1483630392727986,0.001104133284516945
4405,0.8809999999999356,0.1484873499628576,0.14739114426138275,0.0010962057014748394
4410,0.8819999999999355,0.14750386077043087,0.14641559979028287,0.001088260980147998
4415,0.8829999999999354,0.14651668873738377,0.1454363897032355,0.0010802990341482743
4420,0.8839999999999353,0.14552581750896987,0.14445349773248317,0.0010723197764866965
4425,0.8849999999999352,0.14453123061738987,0.14346690749782284,0.0010643231195670289
4430,0.8859999999999351,0.14353291148082434,0.14247660250564578,0.0010563089751785548
4435,0.886999999999935,0.14253084340245487,0.1414825661479628,0.0010482772544920527
4440,0.8879999999999348,0.14152500956947808,0.14048478170142345,0.0010402278680546329
4445,0.8889999999999347,0.140515393052108,0.13948323232632365,0.0010321607257843535
4450,0.8899999999999346,0.1395019768025665,0.13847790106560307,0.0010240757369634479
4455,0.8909999999999345,0.13848474365406677,0.13746877084383152,0.0010159728102352439
4460,0.8919999999999344,0.13746367631978404,0.1364558244661893,0.0010078518535947267
4465,0.8929999999999343,0.136438757391817,0.13543904461742892,0.0009997127743880674
4470,0.8939999999999342,0.1354099693401368,0.13441841386083533,0.0009915554793014647
4475,0.8949999999999341,0.1343772945115264,0.13339391463716935,0.0009833798743570654
4480,0.895999999999934,0.13334071512851028,0.13236552926360196,0.0009751858649083289
4485,0.8969999999999339,0.13230021328827005,0.13133323993263638,0.0009669733556336713
4490,0.8979999999999337,0.13125577096155033,0.1302970287110193,0.000958742250531025
4495,0.8989999999999336,0.13020736999155358,0.1292568775386444,0.0009504924529091796
4500,0.8999999999999335,0.129154992092824,0.12821276822744013,0.0009422238653838677
4505,0.9009999999999334,0.1280986188501179,0.12716468246024654,0.0009339363898713537
4510,0.9019999999999333,0.1270382317172635,0.12611260178968178,0.000925629927581717
4515,0.9029999999999332,0.12597381201600874,0.1250565076369947,0.00091730437901405
4520,0.9039999999999331,0.12490534093485653,0.12399638129090935,0.0009089596439471742
4525,0.904999999999933,0.12383279952788816,0.1229322039064529,0.0009005956214352545
4530,0.9059999999999329,0.12275616871357459,0.12186395650377417,0.0008922122098004165
4535,0.9069999999999327,0.12167542927357565,0.12079161996694816,0.0008838093066274866
4540,0.9079999999999326,0.12059056185152418,0.1197151750427699,0.0008753868087542777
4545,0.9089999999999325,0.11950154695180043,0.11863460233953285,0.0008669446122675784
4550,0.9099999999999324,0.11840836493829116,0.11754988232579636,0.0008584826124947986
4555,0.9109999999999323,0.11731099603313723,0.11646099532913799,0.0008500007039992374
4560,0.9119999999999322,0.11620942031546795,0.11536792153489661,0.0008414987805713398
4565,0.9129999999999321,0.11510361772012,0.11427064098489757,0.0008329767352224238
4570,0.913999999999932,0.11399356803634508,0.11316913357616695,0.0008244344601781306
4575,0.9149999999999319,0.1128792509065018,0.11206337905963357,0.000815871846868238
4580,0.9159999999999318,0.11176064582473531,0.11095335703881193,0.0008072887859233852
4585,0.9169999999999316,0.11063773213564117,0.10983904696847677,0.0007986851671644007
4590,0.9179999999999315,0.10951048903291648,0.1087204281533203,0.0007900608795961828
4595,0.9189999999999314,0.10837889555799535,0.10759747974659499,0.0007814158114003572
4600,0.9199999999999313,0.10724293059867147,0.10647018074874316,0.0007727498499283114
4605,0.9209999999999312,0.10610257288770303,0.10533851000601055,0.0007640628816924788
4610,0.9219999999999311,0.10495780100140516,0.10420244620904542,0.0007553547923597331
4615,0.922999999999931,0.10380859335822627,0.1030619678914846,0.0007466254667416738
4620,0.9239999999999309,0.10265492821730843,0.10191705342851916,0.0007378747887892695
4625,0.9249999999999308,0.10149678367703328,0.1007676810354509,0.0007291026415823798
4630,0.9259999999999307,0.10033413767355119,0.09961382876622832,0.0007203089073228724
4635,0.9269999999999305,0.09916696797929506,0.09845547451196825,0.0007114934673268097
4640,0.9279999999999304,0.09799525220147774,0.0972925959994632,0.0007026562020145399
4645,0.9289999999999303,0.09681896778057326,0.09612517078966809,0.0006937969909051739
4650,0.9299999999999302,0.09563809198878122,0.09495317627617579,0.0006849157126054273
4655,0.9309999999999301,0.09445260192847432,0.09377658968367189,0.0006760122448024319
4660,0.93199999999993,0.09326247453062927,0.09259538806637341,0.0006670864642558672
4665,0.9329999999999299,0.0920676865532405,0.09140954830645474,0.000658138246785761
4670,0.9339999999999298,0.09086821457971603,0.09021904711244914,0.000649167467266884
4675,0.9349999999999297,0.08966403501725609,0.08902386101763769,0.0006401739996183958
4680,0.9359999999999296,0.08845512409521347,0.08782396637841759,0.0006311577167958798
4685,0.9369999999999294,0.08724145786343625,0.08661933937265373,0.0006221184907825167
4690,0.9379999999999293,0.08602301219059201,0.08540995599801393,0.0006130561925780792
4695,0.9389999999999292,0.08479976276247352,0.08419579207028245,0.0006039706921910637
4700,0.9399999999999291,0.08357168508028548,0.08297682322165593,0.0005948618586295445
4705,0.940999999999929,0.0823387544589121,0.08175302489902231,0.0005857295598897944
4710,0.9419999999999289,0.08110094602516654,0.08052437236221767,0.0005765736629488732
4715,0.9429999999999288,0.07985823471601904,0.07929084068226619,0.0005673940337528466
4720,0.9439999999999287,0.0786105952768069,0.07805240473959904,0.0005581905372078616
4725,0.9449999999999286,0.07735800225942316,0.07680903922225339,0.0005489630371697668
4730,0.9459999999999285,0.07610043002048589,0.07556071862405117,0.0005397113964347167
4735,0.9469999999999283,0.07483785271948633,0.07430741724275834,0.0005304354767279862
4740,0.9479999999999282,0.07357024431691708,0.07304910917822098,0.0005211351386961022
4745,0.9489999999999281,0.07229757857237826,0.07178576833048458,0.0005118102418936732
4750,0.949999999999928,0.0710198290426627,0.07051736839788848,0.0005024606447742164
4755,0.9509999999999279,0.06973696907981962,0.06924388287514129,0.0004930862046783335
4760,0.9519999999999278,0.06844897182919683,0.06796528505137235,0.00048368677782448244
4765,0.9529999999999277,0.06715581022745976,0.06668154800816292,0.00047426221929683376
4770,0.9539999999999276,0.06585745700058854,0.06539264461755347,0.0004648123830350709
4775,0.9549999999999275,0.06455388466185234,0.06409854754003023,0.00045533712182210806
4780,0.9559999999999274,0.06324506550976061,0.06279922922248622,0.00044583628727438984
4785,0.9569999999999272,0.06193097162599108,0.061494661896161776,0.00043630972982930394
4790,0.9579999999999271,0.06061157487329364,0.06018481757455975,0.0004267572987338916
4795,0.958999999999927,0.05928684689337085,0.05886966805133753,0.0004171788420333153
4800,0.9599999999999269,0.05795675910473352,0.057549184898174545,0.00040757420655897214
4805,0.9609999999999268,0.0566212827005324,0.05622333946261599,0.0003979432379164066
4810,0.9619999999999267,0.05528038864636434,0.05489210286589078,0.00038828578047355594
4815,0.9629999999999266,0.053934047678053355,0.053555446000705394,0.0003786016773479617
4820,0.9639999999999265,0.0525822302994062,0.052213339529011006,0.00036889077039519574
4825,0.9649999999999264,0.05122490677994177,0.05086575387974617,0.0003591529001956001
4830,0.9659999999999263,0.04986204715259446,0.04951265924655235,0.000349387906042109
4835,0.9669999999999261,0.04849362121139068,0.04815402558546336,0.00033959562592732195
4840,0.967999999999926,0.04711959850909844,0.046789822612568095,0.0003297758965303474
4845,0.9689999999999259,0.04573994835484977,0.04542001980164613,0.0003199285532036397
4850,0.9699999999999258,0.04435463981173519,0.04404458638177476,0.000310053429960426
4855,0.9709999999999257,0.04296364169437006,0.042663491334909,0.00030015035946105717
4860,0.9719999999999256,0.04156692256643264,0.04127670339343392,0.0002902191729987208
4865,0.9729999999999255,0.04016445073817325,0.039884191037686915,0.0002802597004863336
4870,0.9739999999999254,0.03875619426389409,0.03848592249345179,0.0002702717704422958
4875,0.9749999999999253,0.03734212093939946,0.03708186572942265,0.0002602552099768077
4880,0.9759999999999251,0.03592219829941622,0.035671988454638585,0.00025020984477763797
4885,0.976999999999925,0.034496393614983335,0.03425625811588788,0.0002401354990954549
4890,0.9779999999999249,0.0330646738908108,0.03283464189508145,0.00023003199572935173
4895,0.9789999999999248,0.03162700586260746,0.03140710670659525,0.00021989915601220572
4900,0.9799999999999247,0.030183355994377038,0.029973619194581264,0.0002097367997957733
4905,0.9809999999999246,0.028733690475681823,0.028534145730246263,0.00019954474543555992
4910,0.9819999999999245,0.02727797521887389,0.02708865240909844,0.00018932280977545027
4915,0.9829999999999244,0.025816175856293585,0.02563710504816107,0.0001790708081325157
4920,0.9839999999999243,0.02434825773743421,0.024179469183153383,0.00016878855428082568
4925,0.9849999999999242,0.02287418592607297,0.02271571006563666,0.00015847586043631068
4930,0.985999999999924,0.02139392519736738,0.021245792660126953,0.00014813253724042796
4935,0.9869999999999239,0.01990744003491696,0.01976968164117297,0.00013775839374399051
4940,0.9879999999999238,0.01841469462778951,0.018287341390398937,0.00012735323739057267
4945,0.9889999999999237,0.0169156528675116,0.0167987359935115,0.00011691687400009962
4950,0.9899999999999236,0.015410278345022777,0.015303829237270587,0.00010644910775219063
4955,0.9909999999999235,0.013898534347592816,0.013802584606423998,9.594974116881871e-05
4960,0.9919999999999234,0.012380383855701723,0.012294965280604319,8.541857509740403e-05
4965,0.9929999999999233,0.010855789539881781,0.010780934131188507,7.485540869327408e-05
4970,0.9939999999999232,0.009324713757521376,0.009260453718119371,6.426003940200424e-05
4975,0.9949999999999231,0.007787118549629744,0.0077334862866883305,5.363226294141307e-05
4980,0.995999999999923,0.00624296563756238,0.0061999937642785675,4.2971873283812606e-05
4985,0.9969999999999228,0.004692216419706294,0.00465993775706878,3.2278662637513604e-05
4990,0.9979999999999227,0.0031348319681247863,0.003113279546696412,2.155242142837417e-05
4995,0.9989999999999226,0.0015707730251610446,0.0015599800868799963,1.0792938281048263e-05
5000,0.9999999999999225,0.0,0.0,0.0
